audio_id,caption,jh,mark,,remove
people_marching_01_01,people marching.,jh,?,,1
people_marching_02_01,The sound of people marching.,jh,?,,1
people_marching_03_01,An audio clip of people marching.,jh,?,,1
waterfall_burbling_01_01,waterfall burbling.,jh,1,,0
waterfall_burbling_02_01,The sound of waterfall burbling.,jh,1,,0
waterfall_burbling_03_01,An audio clip of waterfall burbling.,jh,1,,0
playing_tennis_01_01,playing tennis.,jh,1,similar to other sports,0
playing_tennis_02_01,The sound of playing tennis.,jh,1,,0
playing_tennis_03_01,An audio clip of playing tennis.,jh,1,,0
people_belly_laughing_01_01,people belly laughing.,jh,1,,0
people_belly_laughing_02_01,The sound of people belly laughing.,jh,1,,0
people_belly_laughing_03_01,An audio clip of people belly laughing.,jh,1,,0
car_engine_starting_01_01,car engine starting.,jh,1,,0
car_engine_starting_02_01,The sound of car engine starting.,jh,1,,0
car_engine_starting_03_01,An audio clip of car engine starting.,jh,1,,0
alarm_clock_ringing_01_01,alarm clock ringing.,jh,1,,0
alarm_clock_ringing_02_01,The sound of alarm clock ringing.,jh,1,,0
alarm_clock_ringing_03_01,An audio clip of alarm clock ringing.,jh,1,,0
female_speech_woman_speaking_01_01,"female speech, woman speaking.",jh,1,,0
female_speech_woman_speaking_02_01,"The sound of female speech, woman speaking.",jh,1,,0
female_speech_woman_speaking_03_01,"An audio clip of female speech, woman speaking.",jh,1,,0
cricket_chirping_01_01,cricket chirping.,jh,1,,0
cricket_chirping_02_01,The sound of cricket chirping.,jh,1,,0
cricket_chirping_03_01,An audio clip of cricket chirping.,jh,1,,0
wind_noise_01_01,wind noise.,jh,?,,0
wind_noise_02_01,The sound of wind noise.,jh,?,,0
wind_noise_03_01,An audio clip of wind noise.,jh,?,,0
foghorn_01_01,foghorn.,jh,1,,0
foghorn_02_01,The sound of foghorn.,jh,1,,0
foghorn_03_01,An audio clip of foghorn.,jh,1,,0
people_battle_cry_01_01,people battle cry.,jh,1,,0
people_battle_cry_02_01,The sound of people battle cry.,jh,1,,0
people_battle_cry_03_01,An audio clip of people battle cry.,jh,1,,0
playing_volleyball_01_01,playing volleyball.,jh,1,similar to other sports,0
playing_volleyball_02_01,The sound of playing volleyball.,jh,1,,0
playing_volleyball_03_01,An audio clip of playing volleyball.,jh,1,,0
female_singing_01_01,female singing.,jh,?,,0
female_singing_02_01,The sound of female singing.,jh,?,,0
female_singing_03_01,An audio clip of female singing.,jh,?,,0
playing_harpsichord_01_01,playing harpsichord.,jh,?,music,1
playing_harpsichord_02_01,The sound of playing harpsichord.,jh,?,music,1
playing_harpsichord_03_01,An audio clip of playing harpsichord.,jh,?,music,1
male_speech_man_speaking_01_01,"male speech, man speaking.",jh,1,,0
male_speech_man_speaking_02_01,"The sound of male speech, man speaking.",jh,1,,0
male_speech_man_speaking_03_01,"An audio clip of male speech, man speaking.",jh,1,,0
playing_bassoon_01_01,playing bassoon.,jh,?,music,1
playing_bassoon_02_01,The sound of playing bassoon.,jh,?,music,1
playing_bassoon_03_01,An audio clip of playing bassoon.,jh,?,music,1
playing_piano_01_01,playing piano.,jh,?,music,1
playing_piano_02_01,The sound of playing piano.,jh,?,music,1
playing_piano_03_01,An audio clip of playing piano.,jh,?,music,1
people_clapping_01_01,people clapping.,jh,1,,0
people_clapping_02_01,The sound of people clapping.,jh,1,,0
people_clapping_03_01,An audio clip of people clapping.,jh,1,,0
bee_wasp_etc._buzzing_01_01,"bee, wasp, etc. buzzing.",jh,1,,0
bee_wasp_etc._buzzing_02_01,"The sound of bee, wasp, etc. buzzing.",jh,1,,0
bee_wasp_etc._buzzing_03_01,"An audio clip of bee, wasp, etc. buzzing.",jh,1,,0
baby_babbling_01_01,baby babbling.,jh,1,,0
baby_babbling_02_01,The sound of baby babbling.,jh,1,,0
baby_babbling_03_01,An audio clip of baby babbling.,jh,1,,0
people_whispering_01_01,people whispering.,jh,not working,,1
people_whispering_02_01,The sound of people whispering.,jh,not working,,1
people_whispering_03_01,An audio clip of people whispering.,jh,not working,,1
coyote_howling_01_01,coyote howling.,jh,1,,0
coyote_howling_02_01,The sound of coyote howling.,jh,1,,0
coyote_howling_03_01,An audio clip of coyote howling.,jh,1,,0
metronome_01_01,metronome.,jh,not working,,1
metronome_02_01,The sound of metronome.,jh,not working,,1
metronome_03_01,An audio clip of metronome.,jh,not working,,1
playing_harp_01_01,playing harp.,jh,?,music,1
playing_harp_02_01,The sound of playing harp.,jh,?,music,1
playing_harp_03_01,An audio clip of playing harp.,jh,?,music,1
airplane_01_01,airplane.,jh,1,background,0
airplane_02_01,The sound of airplane.,jh,1,,0
airplane_03_01,An audio clip of airplane.,jh,1,,0
rope_skipping_01_01,rope skipping.,jh,not working,,1
rope_skipping_02_01,The sound of rope skipping.,jh,not working,,1
rope_skipping_03_01,An audio clip of rope skipping.,jh,not working,,1
ambulance_siren_01_01,ambulance siren.,jh,1,just siren,0
ambulance_siren_02_01,The sound of ambulance siren.,jh,1,,0
ambulance_siren_03_01,An audio clip of ambulance siren.,jh,1,,0
people_coughing_01_01,people coughing.,jh,1,,0
people_coughing_02_01,The sound of people coughing.,jh,1,,0
people_coughing_03_01,An audio clip of people coughing.,jh,1,,0
pheasant_crowing_01_01,pheasant crowing.,jh,1,,0
pheasant_crowing_02_01,The sound of pheasant crowing.,jh,1,,0
pheasant_crowing_03_01,An audio clip of pheasant crowing.,jh,1,,0
bird_wings_flapping_01_01,bird wings flapping.,jh,1,,0
bird_wings_flapping_02_01,The sound of bird wings flapping.,jh,1,,0
bird_wings_flapping_03_01,An audio clip of bird wings flapping.,jh,1,,0
cap_gun_shooting_01_01,cap gun shooting.,jh,1,,0
cap_gun_shooting_02_01,The sound of cap gun shooting.,jh,1,,0
cap_gun_shooting_03_01,An audio clip of cap gun shooting.,jh,1,,0
child_singing_01_01,child singing.,jh,?,,0
child_singing_02_01,The sound of child singing.,jh,?,,0
child_singing_03_01,An audio clip of child singing.,jh,?,,0
race_car_auto_racing_01_01,"race car, auto racing.",jh,1,,0
race_car_auto_racing_02_01,"The sound of race car, auto racing.",jh,1,,0
race_car_auto_racing_03_01,"An audio clip of race car, auto racing.",jh,1,,0
male_singing_01_01,male singing.,jh,?,,0
male_singing_02_01,The sound of male singing.,jh,?,,0
male_singing_03_01,An audio clip of male singing.,jh,?,,0
playing_bass_guitar_01_01,playing bass guitar.,jh,?,music,1
playing_bass_guitar_02_01,The sound of playing bass guitar.,jh,?,music,1
playing_bass_guitar_03_01,An audio clip of playing bass guitar.,jh,?,music,1
playing_violin_fiddle_01_01,"playing violin, fiddle.",jh,?,music,1
playing_violin_fiddle_02_01,"The sound of playing violin, fiddle.",jh,?,music,1
playing_violin_fiddle_03_01,"An audio clip of playing violin, fiddle.",jh,?,music,1
playing_bongo_01_01,playing bongo.,jh,?,music,1
playing_bongo_02_01,The sound of playing bongo.,jh,?,music,1
playing_bongo_03_01,An audio clip of playing bongo.,jh,?,music,1
playing_erhu_01_01,playing erhu.,jh,?,music,1
playing_erhu_02_01,The sound of playing erhu.,jh,?,music,1
playing_erhu_03_01,An audio clip of playing erhu.,jh,?,music,1
tap_dancing_01_01,tap dancing.,jh,1,,0
tap_dancing_02_01,The sound of tap dancing.,jh,1,,0
tap_dancing_03_01,An audio clip of tap dancing.,jh,1,,0
playing_electronic_organ_01_01,playing electronic organ.,jh,?,music,1
playing_electronic_organ_02_01,The sound of playing electronic organ.,jh,?,music,1
playing_electronic_organ_03_01,An audio clip of playing electronic organ.,jh,?,music,1
playing_congas_01_01,playing congas.,jh,?,music,1
playing_congas_02_01,The sound of playing congas.,jh,?,music,1
playing_congas_03_01,An audio clip of playing congas.,jh,?,music,1
subway_metro_underground_01_01,"subway, metro, underground.",jh,1,background,0
subway_metro_underground_02_01,"The sound of subway, metro, underground.",jh,1,,0
subway_metro_underground_03_01,"An audio clip of subway, metro, underground.",jh,1,,0
car_passing_by_01_01,car passing by.,jh,1,,0
car_passing_by_02_01,The sound of car passing by.,jh,1,,0
car_passing_by_03_01,An audio clip of car passing by.,jh,1,,0
orchestra_01_01,orchestra.,jh,?,music,1
orchestra_02_01,The sound of orchestra.,jh,?,music,1
orchestra_03_01,An audio clip of orchestra.,jh,?,music,1
playing_acoustic_guitar_01_01,playing acoustic guitar.,jh,?,music,1
playing_acoustic_guitar_02_01,The sound of playing acoustic guitar.,jh,?,music,1
playing_acoustic_guitar_03_01,An audio clip of playing acoustic guitar.,jh,?,music,1
hammering_nails_01_01,hammering nails.,jh,1,,0
hammering_nails_02_01,The sound of hammering nails.,jh,1,,0
hammering_nails_03_01,An audio clip of hammering nails.,jh,1,,0
duck_quacking_01_01,duck quacking.,jh,1,,0
duck_quacking_02_01,The sound of duck quacking.,jh,1,,0
duck_quacking_03_01,An audio clip of duck quacking.,jh,1,,0
playing_harmonica_01_01,playing harmonica.,jh,?,music,1
playing_harmonica_02_01,The sound of playing harmonica.,jh,?,music,1
playing_harmonica_03_01,An audio clip of playing harmonica.,jh,?,music,1
dog_growling_01_01,dog growling.,jh,1,,0
dog_growling_02_01,The sound of dog growling.,jh,1,,0
dog_growling_03_01,An audio clip of dog growling.,jh,1,,0
church_bell_ringing_01_01,church bell ringing.,jh,1,,0
church_bell_ringing_02_01,The sound of church bell ringing.,jh,1,,0
church_bell_ringing_03_01,An audio clip of church bell ringing.,jh,1,,0
playing_table_tennis_01_01,playing table tennis.,jh,1,similar to other sports,0
playing_table_tennis_02_01,The sound of playing table tennis.,jh,1,,0
playing_table_tennis_03_01,An audio clip of playing table tennis.,jh,1,,0
skateboarding_01_01,skateboarding.,jh,1,,0
skateboarding_02_01,The sound of skateboarding.,jh,1,,0
skateboarding_03_01,An audio clip of skateboarding.,jh,1,,0
playing_steel_guitar_slide_guitar_01_01,"playing steel guitar, slide guitar.",jh,?,music,1
playing_steel_guitar_slide_guitar_02_01,"The sound of playing steel guitar, slide guitar.",jh,?,music,1
playing_steel_guitar_slide_guitar_03_01,"An audio clip of playing steel guitar, slide guitar.",jh,?,music,1
playing_squash_01_01,playing squash.,jh,1,similar to other sports,0
playing_squash_02_01,The sound of playing squash.,jh,1,,0
playing_squash_03_01,An audio clip of playing squash.,jh,1,,0
playing_bass_drum_01_01,playing bass drum.,jh,?,music,1
playing_bass_drum_02_01,The sound of playing bass drum.,jh,?,music,1
playing_bass_drum_03_01,An audio clip of playing bass drum.,jh,?,music,1
police_radio_chatter_01_01,police radio chatter.,jh,1,,0
police_radio_chatter_02_01,The sound of police radio chatter.,jh,1,,0
police_radio_chatter_03_01,An audio clip of police radio chatter.,jh,1,,0
horse_clip-clop_01_01,horse clip-clop.,jh,1,,0
horse_clip-clop_02_01,The sound of horse clip-clop.,jh,1,,0
horse_clip-clop_03_01,An audio clip of horse clip-clop.,jh,1,,0
horse_neighing_01_01,horse neighing.,jh,1,,0
horse_neighing_02_01,The sound of horse neighing.,jh,1,,0
horse_neighing_03_01,An audio clip of horse neighing.,jh,1,,0
playing_double_bass_01_01,playing double bass.,jh,?,music,1
playing_double_bass_02_01,The sound of playing double bass.,jh,?,music,1
playing_double_bass_03_01,An audio clip of playing double bass.,jh,?,music,1
playing_cello_01_01,playing cello.,jh,?,music,1
playing_cello_02_01,The sound of playing cello.,jh,?,music,1
playing_cello_03_01,An audio clip of playing cello.,jh,?,music,1
people_booing_01_01,people booing.,jh,not working,,1
people_booing_02_01,The sound of people booing.,jh,not working,,1
people_booing_03_01,An audio clip of people booing.,jh,not working,,1
playing_electric_guitar_01_01,playing electric guitar.,jh,?,music,1
playing_electric_guitar_02_01,The sound of playing electric guitar.,jh,?,music,1
playing_electric_guitar_03_01,An audio clip of playing electric guitar.,jh,?,music,1
raining_01_01,raining.,jh,1,background,0
raining_02_01,The sound of raining.,jh,1,,0
raining_03_01,An audio clip of raining.,jh,1,,0
gibbon_howling_01_01,gibbon howling.,jh,1,,0
gibbon_howling_02_01,The sound of gibbon howling.,jh,1,,0
gibbon_howling_03_01,An audio clip of gibbon howling.,jh,1,,0
toilet_flushing_01_01,toilet flushing.,jh,1,,0
toilet_flushing_02_01,The sound of toilet flushing.,jh,1,,0
toilet_flushing_03_01,An audio clip of toilet flushing.,jh,1,,0
missile_launch_01_01,missile launch.,jh,?,,0
missile_launch_02_01,The sound of missile launch.,jh,?,,0
missile_launch_03_01,An audio clip of missile launch.,jh,?,,0
driving_buses_01_01,driving buses.,jh,1,background,0
driving_buses_02_01,The sound of driving buses.,jh,1,,0
driving_buses_03_01,An audio clip of driving buses.,jh,1,,0
motorboat_speedboat_acceleration_01_01,"motorboat, speedboat acceleration.",jh,1,,0
motorboat_speedboat_acceleration_02_01,"The sound of motorboat, speedboat acceleration.",jh,1,,0
motorboat_speedboat_acceleration_03_01,"An audio clip of motorboat, speedboat acceleration.",jh,1,,0
playing_didgeridoo_01_01,playing didgeridoo.,jh,?,music,1
playing_didgeridoo_02_01,The sound of playing didgeridoo.,jh,?,music,1
playing_didgeridoo_03_01,An audio clip of playing didgeridoo.,jh,?,music,1
playing_glockenspiel_01_01,playing glockenspiel.,jh,?,music,1
playing_glockenspiel_02_01,The sound of playing glockenspiel.,jh,?,music,1
playing_glockenspiel_03_01,An audio clip of playing glockenspiel.,jh,?,music,1
skiing_01_01,skiing.,jh,not good,,0
skiing_02_01,The sound of skiing.,jh,not good,,0
skiing_03_01,An audio clip of skiing.,jh,not good,,0
playing_oboe_01_01,playing oboe.,jh,?,music,1
playing_oboe_02_01,The sound of playing oboe.,jh,?,music,1
playing_oboe_03_01,An audio clip of playing oboe.,jh,?,music,1
arc_welding_01_01,arc welding.,jh,not good,,0
arc_welding_02_01,The sound of arc welding.,jh,not good,,0
arc_welding_03_01,An audio clip of arc welding.,jh,not good,,0
sheep_bleating_01_01,sheep bleating.,jh,1,,0
sheep_bleating_02_01,The sound of sheep bleating.,jh,1,,0
sheep_bleating_03_01,An audio clip of sheep bleating.,jh,1,,0
chimpanzee_pant-hooting_01_01,chimpanzee pant-hooting.,jh,not working,need to merge some animal sounds,1
chimpanzee_pant-hooting_02_01,The sound of chimpanzee pant-hooting.,jh,not working,,1
chimpanzee_pant-hooting_03_01,An audio clip of chimpanzee pant-hooting.,jh,not working,,1
playing_cornet_01_01,playing cornet.,jh,?,music,1
playing_cornet_02_01,The sound of playing cornet.,jh,?,music,1
playing_cornet_03_01,An audio clip of playing cornet.,jh,?,music,1
lighting_firecrackers_01_01,lighting firecrackers.,jh,1,,0
lighting_firecrackers_02_01,The sound of lighting firecrackers.,jh,1,,0
lighting_firecrackers_03_01,An audio clip of lighting firecrackers.,jh,1,,0
bowling_impact_01_01,bowling impact.,jh,1,sport,0
bowling_impact_02_01,The sound of bowling impact.,jh,1,,0
bowling_impact_03_01,An audio clip of bowling impact.,jh,1,,0
cow_lowing_01_01,cow lowing.,jh,1,,0
cow_lowing_02_01,The sound of cow lowing.,jh,1,,0
cow_lowing_03_01,An audio clip of cow lowing.,jh,1,,0
planing_timber_01_01,planing timber.,jh,1,,0
planing_timber_02_01,The sound of planing timber.,jh,1,,0
planing_timber_03_01,An audio clip of planing timber.,jh,1,,0
people_finger_snapping_01_01,people finger snapping.,jh,not working,,1
people_finger_snapping_02_01,The sound of people finger snapping.,jh,not working,,1
people_finger_snapping_03_01,An audio clip of people finger snapping.,jh,not working,,1
pigeon_dove_cooing_01_01,"pigeon, dove cooing.",jh,1,animal,0
pigeon_dove_cooing_02_01,"The sound of pigeon, dove cooing.",jh,1,,0
pigeon_dove_cooing_03_01,"An audio clip of pigeon, dove cooing.",jh,1,,0
fire_crackling_01_01,fire crackling.,jh,1,,0
fire_crackling_02_01,The sound of fire crackling.,jh,1,,0
fire_crackling_03_01,An audio clip of fire crackling.,jh,1,,0
playing_tabla_01_01,playing tabla.,jh,?,music,1
playing_tabla_02_01,The sound of playing tabla.,jh,?,music,1
playing_tabla_03_01,An audio clip of playing tabla.,jh,?,music,1
cupboard_opening_or_closing_01_01,cupboard opening or closing.,jh,1,,0
cupboard_opening_or_closing_02_01,The sound of cupboard opening or closing.,jh,1,,0
cupboard_opening_or_closing_03_01,An audio clip of cupboard opening or closing.,jh,1,,0
crow_cawing_01_01,crow cawing.,jh,1,,0
crow_cawing_02_01,The sound of crow cawing.,jh,1,,0
crow_cawing_03_01,An audio clip of crow cawing.,jh,1,,0
vehicle_horn_car_horn_honking_01_01,"vehicle horn, car horn, honking.",jh,1,,0
vehicle_horn_car_horn_honking_02_01,"The sound of vehicle horn, car horn, honking.",jh,1,,0
vehicle_horn_car_horn_honking_03_01,"An audio clip of vehicle horn, car horn, honking.",jh,1,,0
playing_washboard_01_01,playing washboard.,jh,?,music,1
playing_washboard_02_01,The sound of playing washboard.,jh,?,music,1
playing_washboard_03_01,An audio clip of playing washboard.,jh,?,music,1
fire_truck_siren_01_01,fire truck siren.,jh,1,,0
fire_truck_siren_02_01,The sound of fire truck siren.,jh,1,,0
fire_truck_siren_03_01,An audio clip of fire truck siren.,jh,1,,0
pumping_water_01_01,pumping water.,jh,1,,0
pumping_water_02_01,The sound of pumping water.,jh,1,,0
pumping_water_03_01,An audio clip of pumping water.,jh,1,,0
cat_growling_01_01,cat growling.,jh,1,large cat,0
cat_growling_02_01,The sound of cat growling.,jh,1,,0
cat_growling_03_01,An audio clip of cat growling.,jh,1,,0
beat_boxing_01_01,beat boxing.,jh,not good,,0
beat_boxing_02_01,The sound of beat boxing.,jh,not good,,0
beat_boxing_03_01,An audio clip of beat boxing.,jh,not good,,0
playing_bagpipes_01_01,playing bagpipes.,jh,?,music,1
playing_bagpipes_02_01,The sound of playing bagpipes.,jh,?,music,1
playing_bagpipes_03_01,An audio clip of playing bagpipes.,jh,?,music,1
playing_trumpet_01_01,playing trumpet.,jh,?,music,1
playing_trumpet_02_01,The sound of playing trumpet.,jh,?,music,1
playing_trumpet_03_01,An audio clip of playing trumpet.,jh,?,music,1
woodpecker_pecking_tree_01_01,woodpecker pecking tree.,jh,not good,,0
woodpecker_pecking_tree_02_01,The sound of woodpecker pecking tree.,jh,not good,,0
woodpecker_pecking_tree_03_01,An audio clip of woodpecker pecking tree.,jh,not good,,0
playing_banjo_01_01,playing banjo.,jh,?,music,1
playing_banjo_02_01,The sound of playing banjo.,jh,?,music,1
playing_banjo_03_01,An audio clip of playing banjo.,jh,?,music,1
people_crowd_01_01,people crowd.,jh,1,,0
people_crowd_02_01,The sound of people crowd.,jh,1,,0
people_crowd_03_01,An audio clip of people crowd.,jh,1,,0
chicken_crowing_01_01,chicken crowing.,jh,1,,0
chicken_crowing_02_01,The sound of chicken crowing.,jh,1,,0
chicken_crowing_03_01,An audio clip of chicken crowing.,jh,1,,0
rowboat_canoe_kayak_rowing_01_01,"rowboat, canoe, kayak rowing.",jh,1,,0
rowboat_canoe_kayak_rowing_02_01,"The sound of rowboat, canoe, kayak rowing.",jh,1,,0
rowboat_canoe_kayak_rowing_03_01,"An audio clip of rowboat, canoe, kayak rowing.",jh,1,,0
forging_swords_01_01,forging swords.,jh,not good,,0
forging_swords_02_01,The sound of forging swords.,jh,not good,,0
forging_swords_03_01,An audio clip of forging swords.,jh,not good,,0
footsteps_on_snow_01_01,footsteps on snow.,jh,not good,,0
footsteps_on_snow_02_01,The sound of footsteps on snow.,jh,not good,,0
footsteps_on_snow_03_01,An audio clip of footsteps on snow.,jh,not good,,0
driving_motorcycle_01_01,driving motorcycle.,jh,1,,0
driving_motorcycle_02_01,The sound of driving motorcycle.,jh,1,,0
driving_motorcycle_03_01,An audio clip of driving motorcycle.,jh,1,,0
owl_hooting_01_01,owl hooting.,jh,1,,0
owl_hooting_02_01,The sound of owl hooting.,jh,1,,0
owl_hooting_03_01,An audio clip of owl hooting.,jh,1,,0
mosquito_buzzing_01_01,mosquito buzzing.,jh,1,,0
mosquito_buzzing_02_01,The sound of mosquito buzzing.,jh,1,,0
mosquito_buzzing_03_01,An audio clip of mosquito buzzing.,jh,1,,0
air_horn_01_01,air horn.,jh,1,,0
air_horn_02_01,The sound of air horn.,jh,1,,0
air_horn_03_01,An audio clip of air horn.,jh,1,,0
child_speech_kid_speaking_01_01,"child speech, kid speaking.",jh,1,may need to merge with other voice,0
child_speech_kid_speaking_02_01,"The sound of child speech, kid speaking.",jh,1,,0
child_speech_kid_speaking_03_01,"An audio clip of child speech, kid speaking.",jh,1,,0
slot_machine_01_01,slot machine.,jh,1,,0
slot_machine_02_01,The sound of slot machine.,jh,1,,0
slot_machine_03_01,An audio clip of slot machine.,jh,1,,0
lions_growling_01_01,lions growling.,jh,1,,0
lions_growling_02_01,The sound of lions growling.,jh,1,,0
lions_growling_03_01,An audio clip of lions growling.,jh,1,,0
playing_flute_01_01,playing flute.,jh,?,music,1
playing_flute_02_01,The sound of playing flute.,jh,?,music,1
playing_flute_03_01,An audio clip of playing flute.,jh,?,music,1
playing_synthesizer_01_01,playing synthesizer.,jh,?,music,1
playing_synthesizer_02_01,The sound of playing synthesizer.,jh,?,music,1
playing_synthesizer_03_01,An audio clip of playing synthesizer.,jh,?,music,1
railroad_car_train_wagon_01_01,"railroad car, train wagon.",jh,complex,,0
railroad_car_train_wagon_02_01,"The sound of railroad car, train wagon.",jh,complex,,0
railroad_car_train_wagon_03_01,"An audio clip of railroad car, train wagon.",jh,complex,,0
car_engine_knocking_01_01,car engine knocking.,jh,1,,0
car_engine_knocking_02_01,The sound of car engine knocking.,jh,1,,0
car_engine_knocking_03_01,An audio clip of car engine knocking.,jh,1,,0
playing_accordion_01_01,playing accordion.,jh,?,,0
playing_accordion_02_01,The sound of playing accordion.,jh,?,,0
playing_accordion_03_01,An audio clip of playing accordion.,jh,?,,0
sharpen_knife_01_01,sharpen knife.,jh,not working,,1
sharpen_knife_02_01,The sound of sharpen knife.,jh,not working,,1
sharpen_knife_03_01,An audio clip of sharpen knife.,jh,not working,,1
playing_drum_kit_01_01,playing drum kit.,jh,?,music,1
playing_drum_kit_02_01,The sound of playing drum kit.,jh,?,music,1
playing_drum_kit_03_01,An audio clip of playing drum kit.,jh,?,music,1
playing_trombone_01_01,playing trombone.,jh,?,music,1
playing_trombone_02_01,The sound of playing trombone.,jh,?,music,1
playing_trombone_03_01,An audio clip of playing trombone.,jh,?,music,1
train_whistling_01_01,train whistling.,jh,1,,0
train_whistling_02_01,The sound of train whistling.,jh,1,,0
train_whistling_03_01,An audio clip of train whistling.,jh,1,,0
reversing_beeps_01_01,reversing beeps.,jh,mixed,,0
reversing_beeps_02_01,The sound of reversing beeps.,jh,mixed,,0
reversing_beeps_03_01,An audio clip of reversing beeps.,jh,mixed,,0
singing_choir_01_01,singing choir.,jh,?,,0
singing_choir_02_01,The sound of singing choir.,jh,?,,0
singing_choir_03_01,An audio clip of singing choir.,jh,?,,0
chainsawing_trees_01_01,chainsawing trees.,jh,1,,0
chainsawing_trees_02_01,The sound of chainsawing trees.,jh,1,,0
chainsawing_trees_03_01,An audio clip of chainsawing trees.,jh,1,,0
printer_printing_01_01,printer printing.,jh,1,,0
printer_printing_02_01,The sound of printer printing.,jh,1,,0
printer_printing_03_01,An audio clip of printer printing.,jh,1,,0
chicken_clucking_01_01,chicken clucking.,jh,1,,0
chicken_clucking_02_01,The sound of chicken clucking.,jh,1,,0
chicken_clucking_03_01,An audio clip of chicken clucking.,jh,1,,0
underwater_bubbling_01_01,underwater bubbling.,jh,not good,,0
underwater_bubbling_02_01,The sound of underwater bubbling.,jh,not good,,0
underwater_bubbling_03_01,An audio clip of underwater bubbling.,jh,not good,,0
people_nose_blowing_01_01,people nose blowing.,jh,1,,0
people_nose_blowing_02_01,The sound of people nose blowing.,jh,1,,0
people_nose_blowing_03_01,An audio clip of people nose blowing.,jh,1,,0
ice_cracking_01_01,ice cracking.,jh,1,,0
ice_cracking_02_01,The sound of ice cracking.,jh,1,,0
ice_cracking_03_01,An audio clip of ice cracking.,jh,1,,0
playing_lacrosse_01_01,playing lacrosse.,jh,1,,0
playing_lacrosse_02_01,The sound of playing lacrosse.,jh,1,,0
playing_lacrosse_03_01,An audio clip of playing lacrosse.,jh,1,,0
playing_timpani_01_01,playing timpani.,jh,?,music,1
playing_timpani_02_01,The sound of playing timpani.,jh,?,music,1
playing_timpani_03_01,An audio clip of playing timpani.,jh,?,music,1
tapping_guitar_01_01,tapping guitar.,jh,?,music,1
tapping_guitar_02_01,The sound of tapping guitar.,jh,?,music,1
tapping_guitar_03_01,An audio clip of tapping guitar.,jh,?,music,1
turkey_gobbling_01_01,turkey gobbling.,jh,1,,0
turkey_gobbling_02_01,The sound of turkey gobbling.,jh,1,,0
turkey_gobbling_03_01,An audio clip of turkey gobbling.,jh,1,,0
door_slamming_01_01,door slamming.,jh,1,,0
door_slamming_02_01,The sound of door slamming.,jh,1,,0
door_slamming_03_01,An audio clip of door slamming.,jh,1,,0
playing_saxophone_01_01,playing saxophone.,jh,?,music,1
playing_saxophone_02_01,The sound of playing saxophone.,jh,?,music,1
playing_saxophone_03_01,An audio clip of playing saxophone.,jh,?,music,1
playing_french_horn_01_01,playing french horn.,jh,?,music,1
playing_french_horn_02_01,The sound of playing french horn.,jh,?,music,1
playing_french_horn_03_01,An audio clip of playing french horn.,jh,?,music,1
sea_waves_01_01,sea waves.,jh,1,background,0
sea_waves_02_01,The sound of sea waves.,jh,1,,0
sea_waves_03_01,An audio clip of sea waves.,jh,1,,0
playing_clarinet_01_01,playing clarinet.,jh,?,music,1
playing_clarinet_02_01,The sound of playing clarinet.,jh,?,music,1
playing_clarinet_03_01,An audio clip of playing clarinet.,jh,?,music,1
using_sewing_machines_01_01,using sewing machines.,jh,1,,0
using_sewing_machines_02_01,The sound of using sewing machines.,jh,1,,0
using_sewing_machines_03_01,An audio clip of using sewing machines.,jh,1,,0
vacuum_cleaner_cleaning_floors_01_01,vacuum cleaner cleaning floors.,jh,1,,0
vacuum_cleaner_cleaning_floors_02_01,The sound of vacuum cleaner cleaning floors.,jh,1,,0
vacuum_cleaner_cleaning_floors_03_01,An audio clip of vacuum cleaner cleaning floors.,jh,1,,0
playing_castanets_01_01,playing castanets.,jh,?,music,1
playing_castanets_02_01,The sound of playing castanets.,jh,?,music,1
playing_castanets_03_01,An audio clip of playing castanets.,jh,?,music,1
pig_oinking_01_01,pig oinking.,jh,1,,0
pig_oinking_02_01,The sound of pig oinking.,jh,1,,0
pig_oinking_03_01,An audio clip of pig oinking.,jh,1,,0
lawn_mowing_01_01,lawn mowing.,jh,1,,0
lawn_mowing_02_01,The sound of lawn mowing.,jh,1,,0
lawn_mowing_03_01,An audio clip of lawn mowing.,jh,1,,0
basketball_bounce_01_01,basketball bounce.,jh,1,,0
basketball_bounce_02_01,The sound of basketball bounce.,jh,1,,0
basketball_bounce_03_01,An audio clip of basketball bounce.,jh,1,,0
eletric_blender_running_01_01,eletric blender running.,jh,1,,0
eletric_blender_running_02_01,The sound of eletric blender running.,jh,1,,0
eletric_blender_running_03_01,An audio clip of eletric blender running.,jh,1,,0
thunder_01_01,thunder.,jh,1,,0
thunder_02_01,The sound of thunder.,jh,1,,0
thunder_03_01,An audio clip of thunder.,jh,1,,0
dog_whimpering_01_01,dog whimpering.,jh,1,,0
dog_whimpering_02_01,The sound of dog whimpering.,jh,1,,0
dog_whimpering_03_01,An audio clip of dog whimpering.,jh,1,,0
car_engine_idling_01_01,car engine idling.,jh,1,,0
car_engine_idling_02_01,The sound of car engine idling.,jh,1,,0
car_engine_idling_03_01,An audio clip of car engine idling.,jh,1,,0
people_sobbing_01_01,people sobbing.,jh,not good,,0
people_sobbing_02_01,The sound of people sobbing.,jh,not good,,0
people_sobbing_03_01,An audio clip of people sobbing.,jh,not good,,0
playing_theremin_01_01,playing theremin.,jh,?,music,1
playing_theremin_02_01,The sound of playing theremin.,jh,?,music,1
playing_theremin_03_01,An audio clip of playing theremin.,jh,?,music,1
fox_barking_01_01,fox barking.,jh,1,,0
fox_barking_02_01,The sound of fox barking.,jh,1,,0
fox_barking_03_01,An audio clip of fox barking.,jh,1,,0
playing_ukulele_01_01,playing ukulele.,jh,?,music,1
playing_ukulele_02_01,The sound of playing ukulele.,jh,?,music,1
playing_ukulele_03_01,An audio clip of playing ukulele.,jh,?,music,1
parrot_talking_01_01,parrot talking.,jh,not working,,1
parrot_talking_02_01,The sound of parrot talking.,jh,not working,,1
parrot_talking_03_01,An audio clip of parrot talking.,jh,not working,,1
playing_cymbal_01_01,playing cymbal.,jh,?,music,1
playing_cymbal_02_01,The sound of playing cymbal.,jh,?,music,1
playing_cymbal_03_01,An audio clip of playing cymbal.,jh,?,music,1
people_shuffling_01_01,people shuffling.,jh,not working,,1
people_shuffling_02_01,The sound of people shuffling.,jh,not working,,1
people_shuffling_03_01,An audio clip of people shuffling.,jh,not working,,1
people_eating_noodle_01_01,people eating noodle.,jh,not working,,1
people_eating_noodle_02_01,The sound of people eating noodle.,jh,not working,,1
people_eating_noodle_03_01,An audio clip of people eating noodle.,jh,not working,,1
playing_steelpan_01_01,playing steelpan.,jh,?,music,1
playing_steelpan_02_01,The sound of playing steelpan.,jh,?,music,1
playing_steelpan_03_01,An audio clip of playing steelpan.,jh,?,music,1
people_farting_01_01,people farting.,jh,wrong,,1
people_farting_02_01,The sound of people farting.,jh,wrong,,1
people_farting_03_01,An audio clip of people farting.,jh,wrong,,1
running_electric_fan_01_01,running electric fan.,jh,1,,0
running_electric_fan_02_01,The sound of running electric fan.,jh,1,,0
running_electric_fan_03_01,An audio clip of running electric fan.,jh,1,,0
mouse_clicking_01_01,mouse clicking.,jh,wrong,actually keyboard,1
mouse_clicking_02_01,The sound of mouse clicking.,jh,wrong,,1
mouse_clicking_03_01,An audio clip of mouse clicking.,jh,wrong,,1
ice_cream_truck_ice_cream_van_01_01,"ice cream truck, ice cream van.",jh,not good,,1
ice_cream_truck_ice_cream_van_02_01,"The sound of ice cream truck, ice cream van.",jh,not good,,1
ice_cream_truck_ice_cream_van_03_01,"An audio clip of ice cream truck, ice cream van.",jh,not good,,1
chopping_food_01_01,chopping food.,jh,1,,0
chopping_food_02_01,The sound of chopping food.,jh,1,,0
chopping_food_03_01,An audio clip of chopping food.,jh,1,,0
lathe_spinning_01_01,lathe spinning.,jh,1,,0
lathe_spinning_02_01,The sound of lathe spinning.,jh,1,,0
lathe_spinning_03_01,An audio clip of lathe spinning.,jh,1,,0
playing_tympani_01_01,playing tympani.,jh,?,music,1
playing_tympani_02_01,The sound of playing tympani.,jh,?,music,1
playing_tympani_03_01,An audio clip of playing tympani.,jh,?,music,1
canary_calling_01_01,canary calling.,jh,not good,other animal,0
canary_calling_02_01,The sound of canary calling.,jh,not good,,0
canary_calling_03_01,An audio clip of canary calling.,jh,not good,,0
helicopter_01_01,helicopter.,jh,1,,0
helicopter_02_01,The sound of helicopter.,jh,1,,0
helicopter_03_01,An audio clip of helicopter.,jh,1,,0
playing_sitar_01_01,playing sitar.,jh,?,music,1
playing_sitar_02_01,The sound of playing sitar.,jh,?,music,1
playing_sitar_03_01,An audio clip of playing sitar.,jh,?,music,1
people_screaming_01_01,people screaming.,jh,1,,0
people_screaming_02_01,The sound of people screaming.,jh,1,,0
people_screaming_03_01,An audio clip of people screaming.,jh,1,,0
baby_crying_01_01,baby crying.,jh,1,,0
baby_crying_02_01,The sound of baby crying.,jh,1,,0
baby_crying_03_01,An audio clip of baby crying.,jh,1,,0
cell_phone_buzzing_01_01,cell phone buzzing.,jh,not working,,1
cell_phone_buzzing_02_01,The sound of cell phone buzzing.,jh,not working,,1
cell_phone_buzzing_03_01,An audio clip of cell phone buzzing.,jh,not working,,1
train_horning_01_01,train horning.,jh,1,,0
train_horning_02_01,The sound of train horning.,jh,1,,0
train_horning_03_01,An audio clip of train horning.,jh,1,,0
donkey_ass_braying_01_01,"donkey, ass braying.",jh,1,mix with other animal,0
donkey_ass_braying_02_01,"The sound of donkey, ass braying.",jh,1,,0
donkey_ass_braying_03_01,"An audio clip of donkey, ass braying.",jh,1,,0
striking_pool_01_01,striking pool.,jh,1,water sound,0
striking_pool_02_01,The sound of striking pool.,jh,1,,0
striking_pool_03_01,An audio clip of striking pool.,jh,1,,0
cat_meowing_01_01,cat meowing.,jh,1,,0
cat_meowing_02_01,The sound of cat meowing.,jh,1,,0
cat_meowing_03_01,An audio clip of cat meowing.,jh,1,,0
tractor_digging_01_01,tractor digging.,jh,1,,0
tractor_digging_02_01,The sound of tractor digging.,jh,1,,0
tractor_digging_03_01,An audio clip of tractor digging.,jh,1,,0
playing_hammond_organ_01_01,playing hammond organ.,jh,?,music,1
playing_hammond_organ_02_01,The sound of playing hammond organ.,jh,?,music,1
playing_hammond_organ_03_01,An audio clip of playing hammond organ.,jh,?,music,1
mouse_pattering_01_01,mouse pattering.,jh,wrong,keyboard sound,1
mouse_pattering_02_01,The sound of mouse pattering.,jh,wrong,,1
mouse_pattering_03_01,An audio clip of mouse pattering.,jh,wrong,,1
people_hiccup_01_01,people hiccup.,jh,not good,,0
people_hiccup_02_01,The sound of people hiccup.,jh,not good,,0
people_hiccup_03_01,An audio clip of people hiccup.,jh,not good,,0
air_conditioning_noise_01_01,air conditioning noise.,jh,1,background,0
air_conditioning_noise_02_01,The sound of air conditioning noise.,jh,1,,0
air_conditioning_noise_03_01,An audio clip of air conditioning noise.,jh,1,,0
playing_snare_drum_01_01,playing snare drum.,hw,1,,0
playing_snare_drum_02_01,The sound of playing snare drum.,hw,1,,0
playing_snare_drum_03_01,An audio clip of playing snare drum.,hw,1,,0
penguins_braying_01_01,penguins braying.,hw,?,,0
penguins_braying_02_01,The sound of penguins braying.,hw,?,,0
penguins_braying_03_01,An audio clip of penguins braying.,hw,?,,0
playing_hockey_01_01,playing hockey.,hw,?,,0
playing_hockey_02_01,The sound of playing hockey.,hw,?,,0
playing_hockey_03_01,An audio clip of playing hockey.,hw,?,,0
wood_thrush_calling_01_01,wood thrush calling.,hw,?,,0
wood_thrush_calling_02_01,The sound of wood thrush calling.,hw,?,,0
wood_thrush_calling_03_01,An audio clip of wood thrush calling.,hw,?,,0
stream_burbling_01_01,stream burbling.,hw,1,,0
stream_burbling_02_01,The sound of stream burbling.,hw,1,,0
stream_burbling_03_01,An audio clip of stream burbling.,hw,1,,0
playing_marimba_xylophone_01_01,"playing marimba, xylophone.",hw,1,,0
playing_marimba_xylophone_02_01,"The sound of playing marimba, xylophone.",hw,1,,0
playing_marimba_xylophone_03_01,"An audio clip of playing marimba, xylophone.",hw,1,,0
baby_laughter_01_01,baby laughter.,hw,?,,0
baby_laughter_02_01,The sound of baby laughter.,hw,?,,0
baby_laughter_03_01,An audio clip of baby laughter.,hw,?,,0
playing_tambourine_01_01,playing tambourine.,hw,?,remove,1
playing_tambourine_02_01,The sound of playing tambourine.,hw,?,remove,1
playing_tambourine_03_01,An audio clip of playing tambourine.,hw,?,remove,1
singing_bowl_01_01,singing bowl.,hw,?,remove,1
singing_bowl_02_01,The sound of singing bowl.,hw,?,remove,1
singing_bowl_03_01,An audio clip of singing bowl.,hw,?,remove,1
engine_accelerating_revving_vroom_01_01,"engine accelerating, revving, vroom.",hw,1,,0
engine_accelerating_revving_vroom_02_01,"The sound of engine accelerating, revving, vroom.",hw,1,,0
engine_accelerating_revving_vroom_03_01,"An audio clip of engine accelerating, revving, vroom.",hw,1,,0
yodelling_01_01,yodelling.,hw,?,remove,1
yodelling_02_01,The sound of yodelling.,hw,?,remove,1
yodelling_03_01,An audio clip of yodelling.,hw,?,remove,1
machine_gun_shooting_01_01,machine gun shooting.,hw,1,,0
machine_gun_shooting_02_01,The sound of machine gun shooting.,hw,1,,0
machine_gun_shooting_03_01,An audio clip of machine gun shooting.,hw,1,,0
electric_grinder_grinding_01_01,electric grinder grinding.,hw,1,,0
electric_grinder_grinding_02_01,The sound of electric grinder grinding.,hw,1,,0
electric_grinder_grinding_03_01,An audio clip of electric grinder grinding.,hw,1,,0
swimming_01_01,swimming.,hw,?,,0
swimming_02_01,The sound of swimming.,hw,?,,0
swimming_03_01,An audio clip of swimming.,hw,?,,0
electric_shaver_electric_razor_shaving_01_01,"electric shaver, electric razor shaving.",hw,1,,0
electric_shaver_electric_razor_shaving_02_01,"The sound of electric shaver, electric razor shaving.",hw,1,,0
electric_shaver_electric_razor_shaving_03_01,"An audio clip of electric shaver, electric razor shaving.",hw,1,,0
people_babbling_01_01,people babbling.,hw,?,remove,1
people_babbling_02_01,The sound of people babbling.,hw,?,remove,1
people_babbling_03_01,An audio clip of people babbling.,hw,?,remove,1
police_car_(siren)_01_01,police car (siren).,hw,1,,0
police_car_(siren)_02_01,The sound of police car (siren).,hw,1,,0
police_car_(siren)_03_01,An audio clip of police car (siren).,hw,1,,0
opening_or_closing_car_doors_01_01,opening or closing car doors.,hw,?,remove,1
opening_or_closing_car_doors_02_01,The sound of opening or closing car doors.,hw,?,remove,1
opening_or_closing_car_doors_03_01,An audio clip of opening or closing car doors.,hw,?,remove,1
fireworks_banging_01_01,fireworks banging.,hw,1,,0
fireworks_banging_02_01,The sound of fireworks banging.,hw,1,,0
fireworks_banging_03_01,An audio clip of fireworks banging.,hw,1,,0
people_giggling_01_01,people giggling.,hw,1,,0
people_giggling_02_01,The sound of people giggling.,hw,1,,0
people_giggling_03_01,An audio clip of people giggling.,hw,1,,0
playing_djembe_01_01,playing djembe.,hw,1,,0
playing_djembe_02_01,The sound of playing djembe.,hw,1,,0
playing_djembe_03_01,An audio clip of playing djembe.,hw,1,,0
baltimore_oriole_calling_01_01,baltimore oriole calling.,hw,?,,0
baltimore_oriole_calling_02_01,The sound of baltimore oriole calling.,hw,?,,0
baltimore_oriole_calling_03_01,An audio clip of baltimore oriole calling.,hw,?,,0
sliding_door_01_01,sliding door.,hw,?,remove,1
sliding_door_02_01,The sound of sliding door.,hw,?,remove,1
sliding_door_03_01,An audio clip of sliding door.,hw,?,remove,1
typing_on_computer_keyboard_01_01,typing on computer keyboard.,hw,1,,0
typing_on_computer_keyboard_02_01,The sound of typing on computer keyboard.,hw,1,,0
typing_on_computer_keyboard_03_01,An audio clip of typing on computer keyboard.,hw,1,,0
people_running_01_01,people running.,hw,?,remove,1
people_running_02_01,The sound of people running.,hw,?,remove,1
people_running_03_01,An audio clip of people running.,hw,?,remove,1
hail_01_01,hail.,hw,?,remove,1
hail_02_01,The sound of hail.,hw,?,remove,1
hail_03_01,An audio clip of hail.,hw,?,remove,1
driving_snowmobile_01_01,driving snowmobile.,hw,?,,0
driving_snowmobile_02_01,The sound of driving snowmobile.,hw,?,,0
driving_snowmobile_03_01,An audio clip of driving snowmobile.,hw,?,,0
sailing_01_01,sailing.,hw,?,remove,1
sailing_02_01,The sound of sailing.,hw,?,remove,1
sailing_03_01,An audio clip of sailing.,hw,?,remove,1
civil_defense_siren_01_01,civil defense siren.,hw,1,,0
civil_defense_siren_02_01,The sound of civil defense siren.,hw,1,,0
civil_defense_siren_03_01,An audio clip of civil defense siren.,hw,1,,0
plastic_bottle_crushing_01_01,plastic bottle crushing.,hw,?,remove,1
plastic_bottle_crushing_02_01,The sound of plastic bottle crushing.,hw,?,remove,1
plastic_bottle_crushing_03_01,An audio clip of plastic bottle crushing.,hw,?,remove,1
elephant_trumpeting_01_01,elephant trumpeting.,hw,?,,0
elephant_trumpeting_02_01,The sound of elephant trumpeting.,hw,?,,0
elephant_trumpeting_03_01,An audio clip of elephant trumpeting.,hw,?,,0
goose_honking_01_01,goose honking.,hw,?,,0
goose_honking_02_01,The sound of goose honking.,hw,?,,0
goose_honking_03_01,An audio clip of goose honking.,hw,?,,0
eating_with_cutlery_01_01,eating with cutlery.,hw,?,remove,1
eating_with_cutlery_02_01,The sound of eating with cutlery.,hw,?,remove,1
eating_with_cutlery_03_01,An audio clip of eating with cutlery.,hw,?,remove,1
dog_bow-wow_01_01,dog bow-wow.,hw,?,,0
dog_bow-wow_02_01,The sound of dog bow-wow.,hw,?,,0
dog_bow-wow_03_01,An audio clip of dog bow-wow.,hw,?,,0
cattle_bovinae_cowbell_01_01,"cattle, bovinae cowbell.",hw,?,,0
cattle_bovinae_cowbell_02_01,"The sound of cattle, bovinae cowbell.",hw,?,,0
cattle_bovinae_cowbell_03_01,"An audio clip of cattle, bovinae cowbell.",hw,?,,0
people_eating_crisps_01_01,people eating crisps.,hw,?,remove,1
people_eating_crisps_02_01,The sound of people eating crisps.,hw,?,remove,1
people_eating_crisps_03_01,An audio clip of people eating crisps.,hw,?,remove,1
skidding_01_01,skidding.,hw,?,remove,1
skidding_02_01,The sound of skidding.,hw,?,remove,1
skidding_03_01,An audio clip of skidding.,hw,?,remove,1
dog_barking_01_01,dog barking.,hw,1,,0
dog_barking_02_01,The sound of dog barking.,hw,1,,0
dog_barking_03_01,An audio clip of dog barking.,hw,1,,0
squishing_water_01_01,squishing water.,hw,?,,0
squishing_water_02_01,The sound of squishing water.,hw,?,,0
squishing_water_03_01,An audio clip of squishing water.,hw,?,,0
roller_coaster_running_01_01,roller coaster running.,hw,?,remove,1
roller_coaster_running_02_01,The sound of roller coaster running.,hw,?,remove,1
roller_coaster_running_03_01,An audio clip of roller coaster running.,hw,?,remove,1
smoke_detector_beeping_01_01,smoke detector beeping.,hw,1,,0
smoke_detector_beeping_02_01,The sound of smoke detector beeping.,hw,1,,0
smoke_detector_beeping_03_01,An audio clip of smoke detector beeping.,hw,1,,0
ocean_burbling_01_01,ocean burbling.,hw,1,,0
ocean_burbling_02_01,The sound of ocean burbling.,hw,1,,0
ocean_burbling_03_01,An audio clip of ocean burbling.,hw,1,,0
airplane_flyby_01_01,airplane flyby.,hw,?,,0
airplane_flyby_02_01,The sound of airplane flyby.,hw,?,,0
airplane_flyby_03_01,An audio clip of airplane flyby.,hw,?,,0
firing_cannon_01_01,firing cannon.,hw,?,remove,1
firing_cannon_02_01,The sound of firing cannon.,hw,?,remove,1
firing_cannon_03_01,An audio clip of firing cannon.,hw,?,remove,1
ripping_paper_01_01,ripping paper.,hw,?,remove,1
ripping_paper_02_01,The sound of ripping paper.,hw,?,remove,1
ripping_paper_03_01,An audio clip of ripping paper.,hw,?,remove,1
alligators_crocodiles_hissing_01_01,"alligators, crocodiles hissing.",hw,?,,0
alligators_crocodiles_hissing_02_01,"The sound of alligators, crocodiles hissing.",hw,?,,0
alligators_crocodiles_hissing_03_01,"An audio clip of alligators, crocodiles hissing.",hw,?,,0
cuckoo_bird_calling_01_01,cuckoo bird calling.,hw,?,,0
cuckoo_bird_calling_02_01,The sound of cuckoo bird calling.,hw,?,,0
cuckoo_bird_calling_03_01,An audio clip of cuckoo bird calling.,hw,?,,0
people_cheering_01_01,people cheering.,hw,1,,0
people_cheering_02_01,The sound of people cheering.,hw,1,,0
people_cheering_03_01,An audio clip of people cheering.,hw,1,,0
people_sniggering_01_01,people sniggering.,hw,?,remove,1
people_sniggering_02_01,The sound of people sniggering.,hw,?,remove,1
people_sniggering_03_01,An audio clip of people sniggering.,hw,?,remove,1
playing_badminton_01_01,playing badminton.,hw,?,,0
playing_badminton_02_01,The sound of playing badminton.,hw,?,,0
playing_badminton_03_01,An audio clip of playing badminton.,hw,?,,0
frog_croaking_01_01,frog croaking.,hw,1,,0
frog_croaking_02_01,The sound of frog croaking.,hw,1,,0
frog_croaking_03_01,An audio clip of frog croaking.,hw,1,,0
people_burping_01_01,people burping.,hw,1,,0
people_burping_02_01,The sound of people burping.,hw,1,,0
people_burping_03_01,An audio clip of people burping.,hw,1,,0
golf_driving_01_01,golf driving.,hw,?,remove,1
golf_driving_02_01,The sound of golf driving.,hw,?,remove,1
golf_driving_03_01,An audio clip of golf driving.,hw,?,remove,1
people_sneezing_01_01,people sneezing.,hw,1,,0
people_sneezing_02_01,The sound of people sneezing.,hw,1,,0
people_sneezing_03_01,An audio clip of people sneezing.,hw,1,,0
mynah_bird_singing_01_01,mynah bird singing.,hw,?,,0
mynah_bird_singing_02_01,The sound of mynah bird singing.,hw,?,,0
mynah_bird_singing_03_01,An audio clip of mynah bird singing.,hw,?,,0
splashing_water_01_01,splashing water.,hw,?,,0
splashing_water_02_01,The sound of splashing water.,hw,?,,0
splashing_water_03_01,An audio clip of splashing water.,hw,?,,0
cattle_mooing_01_01,cattle mooing.,hw,?,,0
cattle_mooing_02_01,The sound of cattle mooing.,hw,?,,0
cattle_mooing_03_01,An audio clip of cattle mooing.,hw,?,,0
rapping_01_01,rapping.,hw,?,,0
rapping_02_01,The sound of rapping.,hw,?,,0
rapping_03_01,An audio clip of rapping.,hw,?,,0
cat_purring_01_01,cat purring.,hw,1,,0
cat_purring_02_01,The sound of cat purring.,hw,1,,0
cat_purring_03_01,An audio clip of cat purring.,hw,1,,0
magpie_calling_01_01,magpie calling.,hw,?,remove,1
magpie_calling_02_01,The sound of magpie calling.,hw,?,remove,1
magpie_calling_03_01,An audio clip of magpie calling.,hw,?,remove,1
strike_lighter_01_01,strike lighter.,hw,?,remove,1
strike_lighter_02_01,The sound of strike lighter.,hw,?,remove,1
strike_lighter_03_01,An audio clip of strike lighter.,hw,?,remove,1
people_eating_01_01,people eating.,hw,?,remove,1
people_eating_02_01,The sound of people eating.,hw,?,remove,1
people_eating_03_01,An audio clip of people eating.,hw,?,remove,1
francolin_calling_01_01,francolin calling.,hw,?,,0
francolin_calling_02_01,The sound of francolin calling.,hw,?,,0
francolin_calling_03_01,An audio clip of francolin calling.,hw,?,,0
bird_squawking_01_01,bird squawking.,hw,?,,0
bird_squawking_02_01,The sound of bird squawking.,hw,?,,0
bird_squawking_03_01,An audio clip of bird squawking.,hw,?,,0
playing_vibraphone_01_01,playing vibraphone.,hw,?,,0
playing_vibraphone_02_01,The sound of playing vibraphone.,hw,?,,0
playing_vibraphone_03_01,An audio clip of playing vibraphone.,hw,?,,0
playing_mandolin_01_01,playing mandolin.,hw,?,,0
playing_mandolin_02_01,The sound of playing mandolin.,hw,?,,0
playing_mandolin_03_01,An audio clip of playing mandolin.,hw,?,,0
lip_smacking_01_01,lip smacking.,hw,?,remove,1
lip_smacking_02_01,The sound of lip smacking.,hw,?,remove,1
lip_smacking_03_01,An audio clip of lip smacking.,hw,?,remove,1
zebra_braying_01_01,zebra braying.,hw,?,,0
zebra_braying_02_01,The sound of zebra braying.,hw,?,,0
zebra_braying_03_01,An audio clip of zebra braying.,hw,?,,0
disc_scratching_01_01,disc scratching.,hw,?,remove,1
disc_scratching_02_01,The sound of disc scratching.,hw,?,remove,1
disc_scratching_03_01,An audio clip of disc scratching.,hw,?,remove,1
popping_popcorn_01_01,popping popcorn.,hw,?,remove,1
popping_popcorn_02_01,The sound of popping popcorn.,hw,?,remove,1
popping_popcorn_03_01,An audio clip of popping popcorn.,hw,?,remove,1
cat_caterwauling_01_01,cat caterwauling.,hw,1,,0
cat_caterwauling_02_01,The sound of cat caterwauling.,hw,1,,0
cat_caterwauling_03_01,An audio clip of cat caterwauling.,hw,1,,0
ferret_dooking_01_01,ferret dooking.,hw,?,,0
ferret_dooking_02_01,The sound of ferret dooking.,hw,?,,0
ferret_dooking_03_01,An audio clip of ferret dooking.,hw,?,,0
wind_rustling_leaves_01_01,wind rustling leaves.,hw,1,,0
wind_rustling_leaves_02_01,The sound of wind rustling leaves.,hw,1,,0
wind_rustling_leaves_03_01,An audio clip of wind rustling leaves.,hw,1,,0
elk_bugling_01_01,elk bugling.,hw,?,,0
elk_bugling_02_01,The sound of elk bugling.,hw,?,,0
elk_bugling_03_01,An audio clip of elk bugling.,hw,?,,0
barn_swallow_calling_01_01,barn swallow calling.,hw,?,,0
barn_swallow_calling_02_01,The sound of barn swallow calling.,hw,?,,0
barn_swallow_calling_03_01,An audio clip of barn swallow calling.,hw,?,,0
volcano_explosion_01_01,volcano explosion.,hw,1,,0
volcano_explosion_02_01,The sound of volcano explosion.,hw,1,,0
volcano_explosion_03_01,An audio clip of volcano explosion.,hw,1,,0
heart_sounds_heartbeat_01_01,"heart sounds, heartbeat.",hw,1,,0
heart_sounds_heartbeat_02_01,"The sound of heart sounds, heartbeat.",hw,1,,0
heart_sounds_heartbeat_03_01,"An audio clip of heart sounds, heartbeat.",hw,1,,0
firing_muskets_01_01,firing muskets.,hw,1,,0
firing_muskets_02_01,The sound of firing muskets.,hw,1,,0
firing_muskets_03_01,An audio clip of firing muskets.,hw,1,,0
mouse_squeaking_01_01,mouse squeaking.,hw,?,,0
mouse_squeaking_02_01,The sound of mouse squeaking.,hw,?,,0
mouse_squeaking_03_01,An audio clip of mouse squeaking.,hw,?,,0
playing_timbales_01_01,playing timbales.,hw,?,,0
playing_timbales_02_01,The sound of playing timbales.,hw,?,,0
playing_timbales_03_01,An audio clip of playing timbales.,hw,?,,0
people_slapping_01_01,people slapping.,hw,?,remove,1
people_slapping_02_01,The sound of people slapping.,hw,?,remove,1
people_slapping_03_01,An audio clip of people slapping.,hw,?,remove,1
telephone_bell_ringing_01_01,telephone bell ringing.,hw,1,,0
telephone_bell_ringing_02_01,The sound of telephone bell ringing.,hw,1,,0
telephone_bell_ringing_03_01,An audio clip of telephone bell ringing.,hw,1,,0
playing_shofar_01_01,playing shofar.,hw,?,,0
playing_shofar_02_01,The sound of playing shofar.,hw,?,,0
playing_shofar_03_01,An audio clip of playing shofar.,hw,?,,0
opening_or_closing_drawers_01_01,opening or closing drawers.,hw,?,remove,1
opening_or_closing_drawers_02_01,The sound of opening or closing drawers.,hw,?,remove,1
opening_or_closing_drawers_03_01,An audio clip of opening or closing drawers.,hw,?,remove,1
chinchilla_barking_01_01,chinchilla barking.,hw,?,,0
chinchilla_barking_02_01,The sound of chinchilla barking.,hw,?,,0
chinchilla_barking_03_01,An audio clip of chinchilla barking.,hw,?,,0
people_whistling_01_01,people whistling.,hw,1,,0
people_whistling_02_01,The sound of people whistling.,hw,1,,0
people_whistling_03_01,An audio clip of people whistling.,hw,1,,0
spraying_water_01_01,spraying water.,hw,1,,0
spraying_water_02_01,The sound of spraying water.,hw,1,,0
spraying_water_03_01,An audio clip of spraying water.,hw,1,,0
playing_tuning_fork_01_01,playing tuning fork.,hw,?,remove,1
playing_tuning_fork_02_01,The sound of playing tuning fork.,hw,?,remove,1
playing_tuning_fork_03_01,An audio clip of playing tuning fork.,hw,?,remove,1
train_wheels_squealing_01_01,train wheels squealing.,hw,1,,0
train_wheels_squealing_02_01,The sound of train wheels squealing.,hw,1,,0
train_wheels_squealing_03_01,An audio clip of train wheels squealing.,hw,1,,0
bird_chirping_tweeting_01_01,"bird chirping, tweeting.",hw,1,,0
bird_chirping_tweeting_02_01,"The sound of bird chirping, tweeting.",hw,1,,0
bird_chirping_tweeting_03_01,"An audio clip of bird chirping, tweeting.",hw,1,,0
tornado_roaring_01_01,tornado roaring.,hw,1,,0
tornado_roaring_02_01,The sound of tornado roaring.,hw,1,,0
tornado_roaring_03_01,An audio clip of tornado roaring.,hw,1,,0
writing_on_blackboard_with_chalk_01_01,writing on blackboard with chalk.,hw,?,remove,1
writing_on_blackboard_with_chalk_02_01,The sound of writing on blackboard with chalk.,hw,?,remove,1
writing_on_blackboard_with_chalk_03_01,An audio clip of writing on blackboard with chalk.,hw,?,remove,1
extending_ladders_01_01,extending ladders.,hw,?,remove,1
extending_ladders_02_01,The sound of extending ladders.,hw,?,remove,1
extending_ladders_03_01,An audio clip of extending ladders.,hw,?,remove,1
scuba_diving_01_01,scuba diving.,hw,?,remove,1
scuba_diving_02_01,The sound of scuba diving.,hw,?,remove,1
scuba_diving_03_01,An audio clip of scuba diving.,hw,?,remove,1
typing_on_typewriter_01_01,typing on typewriter.,hw,1,,0
typing_on_typewriter_02_01,The sound of typing on typewriter.,hw,1,,0
typing_on_typewriter_03_01,An audio clip of typing on typewriter.,hw,1,,0
dog_howling_01_01,dog howling.,hw,?,,0
dog_howling_02_01,The sound of dog howling.,hw,?,,0
dog_howling_03_01,An audio clip of dog howling.,hw,?,,0
people_slurping_01_01,people slurping.,hw,?,remove,1
people_slurping_02_01,The sound of people slurping.,hw,?,remove,1
people_slurping_03_01,An audio clip of people slurping.,hw,?,remove,1
snake_rattling_01_01,snake rattling.,hw,?,remove,1
snake_rattling_02_01,The sound of snake rattling.,hw,?,remove,1
snake_rattling_03_01,An audio clip of snake rattling.,hw,?,remove,1
wind_chime_01_01,wind chime.,hw,1,,0
wind_chime_02_01,The sound of wind chime.,hw,1,,0
wind_chime_03_01,An audio clip of wind chime.,hw,1,,0
cheetah_chirrup_01_01,cheetah chirrup.,hw,?,,0
cheetah_chirrup_02_01,The sound of cheetah chirrup.,hw,?,,0
cheetah_chirrup_03_01,An audio clip of cheetah chirrup.,hw,?,,0
children_shouting_01_01,children shouting.,hw,1,,0
children_shouting_02_01,The sound of children shouting.,hw,1,,0
children_shouting_03_01,An audio clip of children shouting.,hw,1,,0
playing_gong_01_01,playing gong.,hw,?,,0
playing_gong_02_01,The sound of playing gong.,hw,?,,0
playing_gong_03_01,An audio clip of playing gong.,hw,?,,0
people_humming_01_01,people humming.,hw,?,remove,1
people_humming_02_01,The sound of people humming.,hw,?,remove,1
people_humming_03_01,An audio clip of people humming.,hw,?,remove,1
snake_hissing_01_01,snake hissing.,hw,?,,0
snake_hissing_02_01,The sound of snake hissing.,hw,?,,0
snake_hissing_03_01,An audio clip of snake hissing.,hw,?,,0
cat_hissing_01_01,cat hissing.,hw,?,,0
cat_hissing_02_01,The sound of cat hissing.,hw,?,,0
cat_hissing_03_01,An audio clip of cat hissing.,hw,?,,0
people_gargling_01_01,people gargling.,hw,1,,0
people_gargling_02_01,The sound of people gargling.,hw,1,,0
people_gargling_03_01,An audio clip of people gargling.,hw,1,,0
blowtorch_igniting_01_01,blowtorch igniting.,hw,?,remove,1
blowtorch_igniting_02_01,The sound of blowtorch igniting.,hw,?,remove,1
blowtorch_igniting_03_01,An audio clip of blowtorch igniting.,hw,?,remove,1
playing_bugle_01_01,playing bugle.,hw,?,,0
playing_bugle_02_01,The sound of playing bugle.,hw,?,,0
playing_bugle_03_01,An audio clip of playing bugle.,hw,?,,0
dinosaurs_bellowing_01_01,dinosaurs bellowing.,hw,?,remove,1
dinosaurs_bellowing_02_01,The sound of dinosaurs bellowing.,hw,?,remove,1
dinosaurs_bellowing_03_01,An audio clip of dinosaurs bellowing.,hw,?,remove,1
chipmunk_chirping_01_01,chipmunk chirping.,hw,?,,0
chipmunk_chirping_02_01,The sound of chipmunk chirping.,hw,?,,0
chipmunk_chirping_03_01,An audio clip of chipmunk chirping.,hw,?,,0
playing_zither_01_01,playing zither.,hw,?,,0
playing_zither_02_01,The sound of playing zither.,hw,?,,0
playing_zither_03_01,An audio clip of playing zither.,hw,?,,0
playing_darts_01_01,playing darts.,hw,?,,0
playing_darts_02_01,The sound of playing darts.,hw,?,,0
playing_darts_03_01,An audio clip of playing darts.,hw,?,,0
chopping_wood_01_01,chopping wood.,hw,1,,0
chopping_wood_02_01,The sound of chopping wood.,hw,1,,0
chopping_wood_03_01,An audio clip of chopping wood.,hw,1,,0
shot_football_01_01,shot football.,hw,?,remove,1
shot_football_02_01,The sound of shot football.,hw,?,remove,1
shot_football_03_01,An audio clip of shot football.,hw,?,remove,1
sea_lion_barking_01_01,sea lion barking.,hw,?,,0
sea_lion_barking_02_01,The sound of sea lion barking.,hw,?,,0
sea_lion_barking_03_01,An audio clip of sea lion barking.,hw,?,,0
dog_baying_01_01,dog baying.,hw,1,,0
dog_baying_02_01,The sound of dog baying.,hw,1,,0
dog_baying_03_01,An audio clip of dog baying.,hw,1,,0
sloshing_water_01_01,sloshing water.,hw,?,remove,1
sloshing_water_02_01,The sound of sloshing water.,hw,?,remove,1
sloshing_water_03_01,An audio clip of sloshing water.,hw,?,remove,1
black_capped_chickadee_calling_01_01,black capped chickadee calling.,hw,?,,0
black_capped_chickadee_calling_02_01,The sound of black capped chickadee calling.,hw,?,,0
black_capped_chickadee_calling_03_01,An audio clip of black capped chickadee calling.,hw,?,,0
lions_roaring_01_01,lions roaring.,hw,?,,0
lions_roaring_02_01,The sound of lions roaring.,hw,?,,0
lions_roaring_03_01,An audio clip of lions roaring.,hw,?,,0
playing_guiro_01_01,playing guiro.,hw,?,,0
playing_guiro_02_01,The sound of playing guiro.,hw,?,,0
playing_guiro_03_01,An audio clip of playing guiro.,hw,?,,0
striking_bowling_01_01,striking bowling.,hw,?,remove,1
striking_bowling_02_01,The sound of striking bowling.,hw,?,remove,1
striking_bowling_03_01,An audio clip of striking bowling.,hw,?,remove,1
bouncing_on_trampoline_01_01,bouncing on trampoline.,hw,?,remove,1
bouncing_on_trampoline_02_01,The sound of bouncing on trampoline.,hw,?,remove,1
bouncing_on_trampoline_03_01,An audio clip of bouncing on trampoline.,hw,?,remove,1
eagle_screaming_01_01,eagle screaming.,hw,?,,0
eagle_screaming_02_01,The sound of eagle screaming.,hw,?,,0
eagle_screaming_03_01,An audio clip of eagle screaming.,hw,?,,0
hedge_trimmer_running_01_01,hedge trimmer running.,hw,?,remove,1
hedge_trimmer_running_02_01,The sound of hedge trimmer running.,hw,?,remove,1
hedge_trimmer_running_03_01,An audio clip of hedge trimmer running.,hw,?,remove,1
bathroom_ventilation_fan_running_01_01,bathroom ventilation fan running.,hw,?,remove,1
bathroom_ventilation_fan_running_02_01,The sound of bathroom ventilation fan running.,hw,?,remove,1
bathroom_ventilation_fan_running_03_01,An audio clip of bathroom ventilation fan running.,hw,?,remove,1
hair_dryer_drying_01_01,hair dryer drying.,hw,1,,0
hair_dryer_drying_02_01,The sound of hair dryer drying.,hw,1,,0
hair_dryer_drying_03_01,An audio clip of hair dryer drying.,hw,1,,0
cutting_hair_with_electric_trimmers_01_01,cutting hair with electric trimmers.,hw,1,,0
cutting_hair_with_electric_trimmers_02_01,The sound of cutting hair with electric trimmers.,hw,1,,0
cutting_hair_with_electric_trimmers_03_01,An audio clip of cutting hair with electric trimmers.,hw,1,,0
people_eating_apple_01_01,people eating apple.,hw,?,remove,1
people_eating_apple_02_01,The sound of people eating apple.,hw,?,remove,1
people_eating_apple_03_01,An audio clip of people eating apple.,hw,?,remove,1
fly_housefly_buzzing_01_01,"fly, housefly buzzing.",hw,1,,0
fly_housefly_buzzing_02_01,"The sound of fly, housefly buzzing.",hw,1,,0
fly_housefly_buzzing_03_01,"An audio clip of fly, housefly buzzing.",hw,1,,0
bull_bellowing_01_01,bull bellowing.,hw,?,remove,1
bull_bellowing_02_01,The sound of bull bellowing.,hw,?,remove,1
bull_bellowing_03_01,An audio clip of bull bellowing.,hw,?,remove,1
otter_growling_01_01,otter growling.,hw,?,,0
otter_growling_02_01,The sound of otter growling.,hw,?,,0
otter_growling_03_01,An audio clip of otter growling.,hw,?,,0
opening_or_closing_car_electric_windows_01_01,opening or closing car electric windows.,hw,?,remove,1
opening_or_closing_car_electric_windows_02_01,The sound of opening or closing car electric windows.,hw,?,remove,1
opening_or_closing_car_electric_windows_03_01,An audio clip of opening or closing car electric windows.,hw,?,remove,1
warbler_chirping_01_01,warbler chirping.,hw,?,,0
warbler_chirping_02_01,The sound of warbler chirping.,hw,?,,0
warbler_chirping_03_01,An audio clip of warbler chirping.,hw,?,,0
goat_bleating_01_01,goat bleating.,hw,?,,0
goat_bleating_02_01,The sound of goat bleating.,hw,?,,0
goat_bleating_03_01,An audio clip of goat bleating.,hw,?,,0
whale_calling_01_01,whale calling.,hw,?,,0
whale_calling_02_01,The sound of whale calling.,hw,?,,0
whale_calling_03_01,An audio clip of whale calling.,hw,?,,0
acoustic_guitar_01_01,Acoustic_guitar.,hw,1,?,0
acoustic_guitar_02_01,The sound of Acoustic_guitar.,hw,1,?,0
acoustic_guitar_03_01,An audio clip of Acoustic_guitar.,hw,1,?,0
applause_01_01,Applause.,hw,1,,0
applause_02_01,The sound of Applause.,hw,1,,0
applause_03_01,An audio clip of Applause.,hw,1,,0
bark_01_01,Bark.,hw,1,,0
bark_02_01,The sound of Bark.,hw,1,,0
bark_03_01,An audio clip of Bark.,hw,1,,0
bass_drum_01_01,Bass_drum.,hw,1,?,0
bass_drum_02_01,The sound of Bass_drum.,hw,1,?,0
bass_drum_03_01,An audio clip of Bass_drum.,hw,1,?,0
burping_or_eructation_01_01,Burping_or_eructation.,hw,1,,0
burping_or_eructation_02_01,The sound of Burping_or_eructation.,hw,1,,0
burping_or_eructation_03_01,An audio clip of Burping_or_eructation.,hw,1,,0
bus_01_01,Bus.,hw,?,remove,1
bus_02_01,The sound of Bus.,hw,?,remove,1
bus_03_01,An audio clip of Bus.,hw,?,remove,1
cello_01_01,Cello.,hw,1,,0
cello_02_01,The sound of Cello.,hw,1,,0
cello_03_01,An audio clip of Cello.,hw,1,,0
chime_01_01,Chime.,hw,?,,0
chime_02_01,The sound of Chime.,hw,?,,0
chime_03_01,An audio clip of Chime.,hw,?,,0
clarinet_01_01,Clarinet.,hw,?,,0
clarinet_02_01,The sound of Clarinet.,hw,?,,0
clarinet_03_01,An audio clip of Clarinet.,hw,?,,0
computer_keyboard_01_01,Computer_keyboard.,hw,1,?,0
computer_keyboard_02_01,The sound of Computer_keyboard.,hw,1,?,0
computer_keyboard_03_01,An audio clip of Computer_keyboard.,hw,1,?,0
cough_01_01,Cough.,hw,1,?,0
cough_02_01,The sound of Cough.,hw,1,?,0
cough_03_01,An audio clip of Cough.,hw,1,?,0
cowbell_01_01,Cowbell.,hw,1,?,0
cowbell_02_01,The sound of Cowbell.,hw,1,?,0
cowbell_03_01,An audio clip of Cowbell.,hw,1,?,0
double_bass_01_01,Double_bass.,hw,?,,0
double_bass_02_01,The sound of Double_bass.,hw,?,,0
double_bass_03_01,An audio clip of Double_bass.,hw,?,,0
drawer_open_or_close_01_01,Drawer_open_or_close.,hw,1,,0
drawer_open_or_close_02_01,The sound of Drawer_open_or_close.,hw,1,,0
drawer_open_or_close_03_01,An audio clip of Drawer_open_or_close.,hw,1,,0
electric_piano_01_01,Electric_piano.,hw,?,remove,1
electric_piano_02_01,The sound of Electric_piano.,hw,?,remove,1
electric_piano_03_01,An audio clip of Electric_piano.,hw,?,remove,1
fart_01_01,Fart.,hw,?,remove,1
fart_02_01,The sound of Fart.,hw,?,remove,1
fart_03_01,An audio clip of Fart.,hw,?,remove,1
finger_snapping_01_01,Finger_snapping.,hw,?,remove,1
finger_snapping_02_01,The sound of Finger_snapping.,hw,?,remove,1
finger_snapping_03_01,An audio clip of Finger_snapping.,hw,?,remove,1
fireworks_01_01,Fireworks.,hw,1,?,0
fireworks_02_01,The sound of Fireworks.,hw,1,?,0
fireworks_03_01,An audio clip of Fireworks.,hw,1,?,0
flute_01_01,Flute.,hw,?,remove,1
flute_02_01,The sound of Flute.,hw,?,remove,1
flute_03_01,An audio clip of Flute.,hw,?,remove,1
glockenspiel_01_01,Glockenspiel.,hw,?,remove,1
glockenspiel_02_01,The sound of Glockenspiel.,hw,?,remove,1
glockenspiel_03_01,An audio clip of Glockenspiel.,hw,?,remove,1
gong_01_01,Gong.,hw,?,remove,1
gong_02_01,The sound of Gong.,hw,?,remove,1
gong_03_01,An audio clip of Gong.,hw,?,remove,1
gunshot_or_gunfire_01_01,Gunshot_or_gunfire.,hw,1,,0
gunshot_or_gunfire_02_01,The sound of Gunshot_or_gunfire.,hw,1,,0
gunshot_or_gunfire_03_01,An audio clip of Gunshot_or_gunfire.,hw,1,,0
harmonica_01_01,Harmonica.,hw,?,remove,1
harmonica_02_01,The sound of Harmonica.,hw,?,remove,1
harmonica_03_01,An audio clip of Harmonica.,hw,?,remove,1
hi-hat_01_01,Hi-hat.,hw,1,,0
hi-hat_02_01,The sound of Hi-hat.,hw,1,,0
hi-hat_03_01,An audio clip of Hi-hat.,hw,1,,0
keys_jangling_01_01,Keys_jangling.,hw,?,remove,1
keys_jangling_02_01,The sound of Keys_jangling.,hw,?,remove,1
keys_jangling_03_01,An audio clip of Keys_jangling.,hw,?,remove,1
knock_01_01,Knock.,hw,?,remove,1
knock_02_01,The sound of Knock.,hw,?,remove,1
knock_03_01,An audio clip of Knock.,hw,?,remove,1
laughter_01_01,Laughter.,hw,1,,0
laughter_02_01,The sound of Laughter.,hw,1,,0
laughter_03_01,An audio clip of Laughter.,hw,1,,0
meow_01_01,Meow.,hw,1,?,0
meow_02_01,The sound of Meow.,hw,1,?,0
meow_03_01,An audio clip of Meow.,hw,1,?,0
microwave_oven_01_01,Microwave_oven.,hw,?,remove,1
microwave_oven_02_01,The sound of Microwave_oven.,hw,?,remove,1
microwave_oven_03_01,An audio clip of Microwave_oven.,hw,?,remove,1
oboe_01_01,Oboe.,hw,?,remove,1
oboe_02_01,The sound of Oboe.,hw,?,remove,1
oboe_03_01,An audio clip of Oboe.,hw,?,remove,1
saxophone_01_01,Saxophone.,hw,?,remove,1
saxophone_02_01,The sound of Saxophone.,hw,?,remove,1
saxophone_03_01,An audio clip of Saxophone.,hw,?,remove,1
scissors_01_01,Scissors.,hw,?,remove,1
scissors_02_01,The sound of Scissors.,hw,?,remove,1
scissors_03_01,An audio clip of Scissors.,hw,?,remove,1
shatter_01_01,Shatter.,hw,1,,0
shatter_02_01,The sound of Shatter.,hw,1,,0
shatter_03_01,An audio clip of Shatter.,hw,1,,0
snare_drum_01_01,Snare_drum.,hw,1,?,0
snare_drum_02_01,The sound of Snare_drum.,hw,1,?,0
snare_drum_03_01,An audio clip of Snare_drum.,hw,1,?,0
squeak_01_01,Squeak.,hw,?,remove,1
squeak_02_01,The sound of Squeak.,hw,?,remove,1
squeak_03_01,An audio clip of Squeak.,hw,?,remove,1
tambourine_01_01,Tambourine.,hw,?,remove,1
tambourine_02_01,The sound of Tambourine.,hw,?,remove,1
tambourine_03_01,An audio clip of Tambourine.,hw,?,remove,1
tearing_01_01,Tearing.,hw,1,,0
tearing_02_01,The sound of Tearing.,hw,1,,0
tearing_03_01,An audio clip of Tearing.,hw,1,,0
telephone_01_01,Telephone.,hw,?,remove,1
telephone_02_01,The sound of Telephone.,hw,?,remove,1
telephone_03_01,An audio clip of Telephone.,hw,?,remove,1
trumpet_01_01,Trumpet.,hw,?,remove,1
trumpet_02_01,The sound of Trumpet.,hw,?,remove,1
trumpet_03_01,An audio clip of Trumpet.,hw,?,remove,1
violin_or_fiddle_01_01,Violin_or_fiddle.,hw,?,remove,1
violin_or_fiddle_02_01,The sound of Violin_or_fiddle.,hw,?,remove,1
violin_or_fiddle_03_01,An audio clip of Violin_or_fiddle.,hw,?,remove,1
writing_01_01,Writing.,hw,?,remove,1
writing_02_01,The sound of Writing.,hw,?,remove,1
writing_03_01,An audio clip of Writing.,hw,?,remove,1